ISBN	ARK_TITLE	ARK_PRICE	ARK_URL	NORLI_TITLE	NORLI_PRICE	NORLI_URL	ADLIBRIS_TITLE	ADLIBRIS_PRICE	ADLIBRIS_URL	TIMESTAMP
9788203394836	Papegøyens hemmelighet	272	https://www.ark.no/produkt/boker/barneboker/papegoyens-hemmelighet-9788203394836	Papegøyens hemmelighet	272	https://www.norli.no/boker/barneboker/fra-6-ar/papegoyens-hemmelighet	Papegøyens hemmelighet	273	https://www.adlibris.com/no/bok/papegoyens-hemmelighet-9788203394836	2024-11-13 00:22:49
9788202672522	Rare fakta - Europa	181	https://www.ark.no/produkt/boker/barneboker/rare-fakta-9788202672522	Rare fakta - Europa	181	https://www.norli.no/boker/barneboker/fra-6-ar/rare-fakta-europa	Rare fakta	181	https://www.adlibris.com/no/bok/rare-fakta-9788202672522	2024-11-13 00:35:20
9788202732110	Rare oppfinnelser	181	https://www.ark.no/produkt/boker/barneboker/rare-oppfinnelser-9788202732110	Rare oppfinnelser	181	https://www.norli.no/boker/barneboker/fra-6-ar/rare-oppfinnelser	Rare oppfinnelser	181	https://www.adlibris.com/no/bok/rare-oppfinnelser-9788202732110	2024-11-13 00:22:10
9788284420714	-	0	-	Sabotør samleboks - menn i mørket	0	https://www.norli.no/boker/ungdomsboker/sabotor-samleboks	-	0	-	2024-11-13 00:30:46
9788283571066	Gode hjelpere	154	https://www.ark.no/produkt/boker/barneboker/gode-hjelpere-9788283571066	Gode hjelpere	154	https://www.norli.no/boker/barneboker/fra-10-ar/gode-hjelpere	Gode hjelpere	154	https://www.adlibris.com/no/bok/gode-hjelpere-9788283571066	2024-11-13 00:19:47
9788205514478	Verdens verste fotballag	272	https://www.ark.no/produkt/boker/barneboker/verdens-verste-fotballag-9788205514478	Verdens verste fotballag	272	https://www.norli.no/boker/barneboker/fra-8-ar/verdens-verste-fotballag-1	Verdens verste fotballag	273	https://www.adlibris.com/no/bok/verdens-verste-fotballag-9788205514478	2024-11-13 00:33:59
9788205482852	Verdens verste jul	129	https://www.ark.no/produkt/boker/barneboker/verdens-verste-jul-9788205482852	Verdens verste jul	272	https://www.norli.no/boker/barneboker/fra-8-ar/verdens-verste-jul-1	Verdens verste jul	273	https://www.adlibris.com/no/bok/verdens-verste-jul-9788205482852	2024-11-13 00:12:25
9788293346715	Gutta i trehuset med 78 etasjer blir filmstjerner	272	https://www.ark.no/produkt/boker/barneboker/gutta-i-trehuset-med-78-etasjer-blir-filmstjerner-9788293346715	Gutta i trehuset med 78 etasjer blir filmstjerner	272	https://www.norli.no/boker/barneboker/fra-10-ar/gutta-i-trehuset-med-78-etasjer-blir-filmstjerne	Gutta i trehuset med 78 etasjer blir filmstjerner	273	https://www.adlibris.com/no/bok/gutta-i-trehuset-med-78-etasjer-blir-filmstjerner-9788293346715	2024-11-13 00:11:56
9788284010793	Dragon ball super - 3 : Nullmenneskeplanen	117	https://www.ark.no/produkt/boker/barneboker/dragon-ball-super-9788284010793	Dragon ball super - 3 : Nullmenneskeplanen	118	https://www.norli.no/boker/humor-og-tegneserier/tegneserier/manga/dragon-ball-super	Dragon ball super	118	https://www.adlibris.com/no/bok/dragon-ball-super-9788284010793	2024-11-13 00:12:46
9788284310237	Underjordisk oppdrag	229	https://www.ark.no/produkt/boker/barneboker/underjordisk-oppdrag-9788284310237	Underjordisk oppdrag	272	https://www.norli.no/boker/barneboker/fra-10-ar/underjordisk-oppdrag	Trollheim; Underjordisk oppdrag, bok 3	273	https://www.adlibris.com/no/bok/trollheim-underjordisk-oppdrag-bok-3-9788284310237	2024-11-13 00:11:06
9788241953897	Farefulle høyder	272	https://www.ark.no/produkt/boker/barneboker/farefulle-hoyder-9788241953897	Farefulle høyder	272	https://www.norli.no/boker/barneboker/fra-8-ar/hundemannen-10	Hundemannen; Farefulle høyder	273	https://www.adlibris.com/no/bok/hundemannen-farefulle-hoyder-9788241953897	2024-11-13 00:28:54
9788205562356	Cassiopeia er forelsket	227	https://www.ark.no/produkt/boker/barneboker/cassiopeia-er-forelsket-9788205562356	Cassiopeia er forelsket	227	https://www.norli.no/boker/barneboker/fra-10-ar/sostrene-gyldenblom-bok-2	Cassiopeia er forelsket	227	https://www.adlibris.com/no/bok/cassiopeia-er-forelsket-9788205562356	2024-11-13 00:10:56
9788283731217	Gutta i trehuset forteller vitser til de får lattersjokk	245	https://www.ark.no/produkt/boker/barneboker/gutta-i-trehuset-forteller-vitser-til-de-far-lattersjokk-9788283731217	Gutta i trehuset forteller vitser til de får latte	149	https://www.norli.no/boker/barneboker/fakta/quiz-og-hobby/gutta-i-trehuset-far-latterkrampe-av-sine-egne-vitser	Gutta i trehuset forteller vitser til de får lattersjokk	245	https://www.adlibris.com/no/bok/gutta-i-trehuset-forteller-vitser-til-de-far-lattersjokk-9788283731217	2024-11-13 00:32:37
9788242975164	Skogen	300	https://www.ark.no/produkt/boker/barneboker/skogen-9788242975164	Skogen	199	https://www.norli.no/boker/barneboker/fra-8-ar/skogen-6	Skogen	300	https://www.adlibris.com/no/bok/skogen-9788242975164	2024-11-13 00:36:00
9780702329371	-	0	-	Diary of a Roblox Pro #5: Zombie Invasion	129	https://www.norli.no/boker/barneboker/fra-8-ar/historier/diary-of-a-roblox-pro-5-zombie-invasion	Diary of a Roblox Pro #5: Zombie Invasion	105	https://www.adlibris.com/no/bok/diary-of-a-roblox-pro-5-zombie-invasion-9780702329371	2024-11-13 00:38:42
9788283571448	Mørke minner	154	https://www.ark.no/produkt/boker/barneboker/morke-minner-9788283571448	Mørke minner	154	https://www.norli.no/boker/barneboker/fra-10-ar/kattekrigerne-2	Mørke minner	154	https://www.adlibris.com/no/bok/morke-minner-9788283571448	2024-11-13 00:10:47
9780702329364	Diary of a Roblox Pro #6: Mega Shark	119	https://www.ark.no/produkt/boker/barneboker/diary-of-a-roblox-pro-6-mega-shark-9780702329364	Diary of a Roblox Pro #6: Mega Shark	129	https://www.norli.no/diary-of-a-roblox-pro-6-mega-shark	Diary of a Roblox Pro #6: Mega Shark	105	https://www.adlibris.com/no/bok/diary-of-a-roblox-pro-6-mega-shark-9780702329364	2024-11-13 00:38:32
9788202365684	Lars på Mars	172	https://www.ark.no/produkt/boker/barneboker/lars-pa-mars-9788202365684	Lars på Mars	172	https://www.norli.no/boker/barneboker/fra-4-ar/lars-pa-mars	Lars på Mars	172	https://www.adlibris.com/no/bok/lars-pa-mars-9788202365684	2024-11-13 00:32:57
9788234716812	Operasjon Fangejakt	149	https://www.ark.no/produkt/boker/barneboker/operasjon-fangejakt-9788234716812	Operasjon Fangejakt	272	https://www.norli.no/boker/barneboker/fra-8-ar/operasjon-fangejakt	Operasjon Fangejakt	273	https://www.adlibris.com/no/bok/operasjon-fangejakt-9788234716812	2024-11-13 00:36:30
9788283571080	Hjemreisen	154	https://www.ark.no/produkt/boker/barneboker/hjemreisen-9788283571080	Hjemreisen	154	https://www.norli.no/boker/barneboker/fra-10-ar/hjemreisen-1	Hjemreisen	154	https://www.adlibris.com/no/bok/hjemreisen-9788283571080	2024-11-13 00:29:04
9788284010779	Dragon ball super - 1 : Krigerne fra univers 6	117	https://www.ark.no/produkt/boker/barneboker/dragon-ball-super-9788284010779	Dragon ball super - 1 : Krigerne fra univers 6	118	https://www.norli.no/boker/humor-og-tegneserier/tegneserier/manga/dragon-ball-super-1	Dragon ball super	118	https://www.adlibris.com/no/bok/dragon-ball-super-9788284010779	2024-11-13 00:29:44
9788202722944	Eventyret i Lindrizia	272	https://www.ark.no/produkt/boker/barneboker/eventyret-i-lindrizia-9788202722944	Eventyret i Lindrizia	179	https://www.norli.no/boker/barneboker/fra-6-ar/eventyret-i-lindrizia	Musse & Helium; Eventyret i Lindrizia, bok 3	273	https://www.adlibris.com/no/bok/musse-helium-eventyret-i-lindrizia-bok-3-9788202722944	2024-11-13 00:18:46
9788242975157	Valget	300	https://www.ark.no/produkt/boker/barneboker/valget-9788242975157	Valget	169	https://www.norli.no/boker/barneboker/fra-8-ar/gaten-6	Valget; Arkin - lysets vokter 3	300	https://www.adlibris.com/no/bok/valget-arkin---lysets-vokter-3-9788242975157	2024-11-13 00:36:20
9788202617073	Vitseløve - 4 : Pappavitser	181	https://www.ark.no/produkt/boker/barneboker/vitselove-9788202617073	Vitseløve - 4,Pappavitser	181	https://www.norli.no/boker/barneboker/fra-6-ar/vitselove	Vitseløve	181	https://www.adlibris.com/no/bok/vitselove-9788202617073	2024-11-13 00:09:57
9788202666255	Vitseløve - 6 : Spis eller bli spist	181	https://www.ark.no/produkt/boker/barneboker/vitselove-9788202666255	Vitseløve - 6,Spis eller bli spist	99	https://www.norli.no/boker/barneboker/fra-6-ar/vitselove-1	Vitseløve	181	https://www.adlibris.com/no/bok/vitselove-9788202666255	2024-11-13 00:26:11
9788202672508	Flaut	172	https://www.ark.no/produkt/boker/barneboker/flaut-9788202672508	Flaut	172	https://www.norli.no/boker/barneboker/fra-4-ar/flaut-2	Flaut	172	https://www.adlibris.com/no/bok/flaut-9788202672508	2024-11-13 00:30:25
9788283730814	Gutta i trehuset dør (nesten) av sine egne vitser	245	https://www.ark.no/produkt/boker/barneboker/gutta-i-trehuset-dor-nesten-av-sine-egne-vitser-9788283730814	Gutta i trehuset dør (nesten) av sine egne vitser	149	https://www.norli.no/boker/barneboker/fakta/quiz-og-hobby/gutta-i-trehuset-dor-nesten-av-sine-egne-vitser	Gutta i trehuset dør (nesten) av sine egne vitser	245	https://www.adlibris.com/no/bok/gutta-i-trehuset-dor-nesten-av-sine-egne-vitser-9788283730814	2024-11-13 00:17:35
9788242978417	Mysteriet med den forsvunne maten	72	https://www.ark.no/produkt/boker/barneboker/mysteriet-med-den-forsvunne-maten-9788242978417	Mysteriet med den forsvunne maten - mysteriet med den forsvunne maten	72	https://www.norli.no/boker/barneboker/fra-6-ar/pokemon-4	Mysteriet med den forsvunne maten	72	https://www.adlibris.com/no/bok/mysteriet-med-den-forsvunne-maten-9788242978417	2024-11-13 00:15:32
9788202789565	Mumiens forbannelse	254	https://www.ark.no/produkt/boker/barneboker/mumiens-forbannelse-9788202789565	Mumiens forbannelse	254	https://www.norli.no/boker/barneboker/fra-10-ar/mumiens-forbannelse-2	Mumiens forbannelse	254	https://www.adlibris.com/no/bok/mumiens-forbannelse-9788202789565	2024-11-13 00:18:06
9788202345488	Hokus pokus	172	https://www.ark.no/produkt/boker/barneboker/hokus-pokus-9788202345488	Hokus pokus	172	https://www.norli.no/boker/barneboker/fra-4-ar/hokus-pokus	Hokus pokus	172	https://www.adlibris.com/no/bok/hokus-pokus-9788202345488	2024-11-13 00:13:39
9788283730050	Gutta i trehuset med 91 etasjer - sitter barnevakt i en bagett	272	https://www.ark.no/produkt/boker/barneboker/gutta-i-trehuset-med-91-etasjer-9788283730050	Gutta i trehuset med 91 etasjer - sitter barnevakt i en bagett	272	https://www.norli.no/boker/barneboker/fra-10-ar/gutta-i-trehuset-med-91-etasjer	Gutta i trehuset med 91 etasjer	273	https://www.adlibris.com/no/bok/gutta-i-trehuset-med-91-etasjer-9788283730050	2024-11-13 00:21:29
9788241953880	Forbrytelse og slafs	272	https://www.ark.no/produkt/boker/barneboker/forbrytelse-og-slafs-9788241953880	Forbrytelse og slafs	272	https://www.norli.no/boker/barneboker/fra-8-ar/forbrytelse-og-slafs	Hundemannen; Forbrytelse og slafs	273	https://www.adlibris.com/no/bok/hundemannen-forbrytelse-og-slafs-9788241953880	2024-11-13 00:27:53
9788202635015	Leona i rottetrøbbel	181	https://www.ark.no/produkt/boker/barneboker/leona-i-rottetrobbel-9788202635015	Leona i rottetrøbbel	181	https://www.norli.no/boker/barneboker/fra-6-ar/leona-i-rottetrobbel	Leona i rottetrøbbel	181	https://www.adlibris.com/no/bok/leona-i-rottetrobbel-9788202635015	2024-11-13 00:29:54
9788248919339	Nedtegnelser fra en ekte BFF - NOT!	272	https://www.ark.no/produkt/boker/barneboker/nedtegnelser-fra-en-ekte-bff-not-9788248919339	Nedtegnelser fra en ekte BFF - NOT!	272	https://www.norli.no/boker/barneboker/fra-10-ar/nedtegnelser-fra-en-ekte-bff-not-1	Nedtegnelser fra en ekte BFF - NOT!	273	https://www.adlibris.com/no/bok/nedtegnelser-fra-en-ekte-bff---not-9788248919339	2024-11-13 00:26:52
9781789464726	Bruno Fernandes (Ultimate Football Heroes - the No. 1 football series) - Collect them all!	129	https://www.ark.no/produkt/boker/barneboker/bruno-fernandes-ultimate-football-heroes-the-no-1-football-series-9781789464726	Bruno Fernandes (Ultimate Football Heroes - the No. 1 football series) - Collect them all!	129	https://www.norli.no/boker/barneboker/fakta/bruno-fernandes-ultimate-football-heroes-the-no-1-football-series	Bruno Fernandes (Ultimate Football Heroes - the No. 1 football series)	141	https://www.adlibris.com/no/bok/bruno-fernandes-ultimate-football-heroes---the-no-1-football-series-9781789464726	2024-11-13 00:37:01
9788234705519	Operasjon Ninja	227	https://www.ark.no/produkt/boker/barneboker/operasjon-ninja-9788234705519	Operasjon Ninja	149	https://www.norli.no/boker/barneboker/fra-8-ar/operasjon-ninja	Operasjon Ninja	227	https://www.adlibris.com/no/bok/operasjon-ninja-9788234705519	2024-11-13 00:08:56
9788202722975	Den siste kampen	272	https://www.ark.no/produkt/boker/barneboker/den-siste-kampen-9788202722975	Den siste kampen	254	https://www.norli.no/boker/barneboker/fra-6-ar/den-siste-kampen	Musse & Helium; Den siste kampen, bok 5	273	https://www.adlibris.com/no/bok/musse-helium-den-siste-kampen-bok-5-9788202722975	2024-11-13 00:16:24
9788205555129	Iskalde strøk	181	https://www.ark.no/produkt/boker/barneboker/iskalde-strok-9788205555129	Iskalde strøk	181	https://www.norli.no/boker/barneboker/fra-6-ar/iskalde-strok	Iskalde strøk	181	https://www.adlibris.com/no/bok/iskalde-strok-9788205555129	2024-11-13 00:31:26
9788202772727	Hvem i lufta?	172	https://www.ark.no/produkt/boker/barneboker/hvem-i-lufta-9788202772727	Hvem i lufta?	172	https://www.norli.no/boker/barneboker/fra-4-ar/hvem-i-lufta	Hvem i lufta?	172	https://www.adlibris.com/no/bok/hvem-i-lufta-9788202772727	2024-11-13 00:33:48
9788202597276	Rare rekorder	172	https://www.ark.no/produkt/boker/barneboker/rare-rekorder-9788202597276	Rare rekorder	172	https://www.norli.no/boker/barneboker/fra-4-ar/rare-rekorder	Rare rekorder	172	https://www.adlibris.com/no/bok/rare-rekorder-9788202597276	2024-11-13 00:36:10
9788248922674	Nedtegnelser fra en fantastisk bursdag - NOT!	272	https://www.ark.no/produkt/boker/barneboker/nedtegnelser-fra-en-fantastisk-bursdag-not-9788248922674	Nedtegnelser fra en fantastisk bursdag - NOT!	272	https://www.norli.no/boker/barneboker/fra-10-ar/dustedagboka-13	Nedtegnelser fra en fantastisk bursdag - NOT!	273	https://www.adlibris.com/no/bok/nedtegnelser-fra-en-fantastisk-bursdag---not-9788248922674	2024-11-13 00:20:59
9788205493049	Verdens verste bursdag	272	https://www.ark.no/produkt/boker/barneboker/verdens-verste-bursdag-9788205493049	Verdens verste bursdag	272	https://www.norli.no/boker/barneboker/fra-8-ar/verdens-verste-bursdag-1	Verdens verste bursdag	273	https://www.adlibris.com/no/bok/verdens-verste-bursdag-9788205493049	2024-11-13 00:16:44
9788202730604	Hvem i jungelen?	172	https://www.ark.no/produkt/boker/barneboker/hvem-i-jungelen-9788202730604	Hvem i jungelen?	172	https://www.norli.no/boker/barneboker/fra-4-ar/hvem-i-jungelen	Hvem i jungelen?	172	https://www.adlibris.com/no/bok/hvem-i-jungelen-9788202730604	2024-11-13 00:16:13
9788242975607	Katteguden Frøya - en historie fra Ragnarok	209	https://www.ark.no/produkt/boker/barneboker/katteguden-froya-9788242975607	Katteguden Frøya - en historie fra Ragnarok	209	https://www.norli.no/katteguden-froya	Katteguden Frøya; 9788242975607	209	https://www.adlibris.com/no/bok/katteguden-froya-9788242975607-9788242975607	2024-11-13 00:28:43
9788202733544	Jorvik kaller	272	https://www.ark.no/produkt/boker/skjonnlitteratur/jorvik-kaller-9788202733544	Jorvik kaller	149	https://www.norli.no/boker/barneboker/fra-10-ar/jorvik-kaller	Star Stable, Skjebnerytterne 1; Jorvik kaller.	273	https://www.adlibris.com/no/bok/star-stable-skjebnerytterne-1-jorvik-kaller-9788202733544	2024-11-13 00:11:36
9788269291407	Farlig ferie	254	https://www.ark.no/produkt/boker/barneboker/farlig-ferie-9788269291407	Farlig ferie	254	https://www.norli.no/boker/barneboker/fra-10-ar/farlig-ferie-1	-	0	-	2024-11-13 00:14:30
9781789460674	Mbappe (Ultimate Football Heroes - the No. 1 football series) - Collect Them All!	129	https://www.ark.no/produkt/boker/barneboker/mbappe-ultimate-football-heroes-the-no-1-football-series-9781789460674	Mbappe (Ultimate Football Heroes - the No. 1 football series) - Collect Them All!	129	https://www.norli.no/boker/barneboker/fakta/mbappe-ultimate-football-heroes-the-no-1-football-series	Mbappe (Ultimate Football Heroes - the No. 1 football series)	141	https://www.adlibris.com/no/bok/mbappe-ultimate-football-heroes---the-no-1-football-series-9781789460674	2024-11-13 00:37:52
9788202730864	Kroppen vår fra bæsj til hår	172	https://www.ark.no/produkt/boker/barneboker/kroppen-var-fra-baesj-til-har-9788202730864	Kroppen vår fra bæsj til hår	172	https://www.norli.no/boker/barneboker/fra-4-ar/kroppen-var-4	Kroppen vår fra bæsj til hår	172	https://www.adlibris.com/no/bok/kroppen-var-fra-basj-til-har-9788202730864	2024-11-13 00:31:57
9788202791797	Den levende dukken	254	https://www.ark.no/produkt/boker/barneboker/den-levende-dukken-9788202791797	Den levende dukken	254	https://www.norli.no/boker/barneboker/fra-10-ar/den-levende-dukken-1	Den levende dukken	254	https://www.adlibris.com/no/bok/den-levende-dukken-9788202791797	2024-11-13 00:23:20
9788203394942	Mona skal ikke på audition!	227	https://www.ark.no/produkt/boker/barneboker/mona-skal-ikke-pa-audition-9788203394942	Mona skal ikke på audition!	99	https://www.norli.no/boker/barneboker/fra-6-ar/flow-2-mona-og-freestylefiendene	Mona skal ikke på audition!	227	https://www.adlibris.com/no/bok/mona-skal-ikke-pa-audition-9788203394942	2024-11-13 00:22:29
9788202794705	En liten bok om promp	209	https://www.ark.no/produkt/boker/barneboker/en-liten-bok-om-promp-9788202794705	En liten bok om promp	209	https://www.norli.no/boker/barneboker/fra-6-ar/en-liten-bok-om-promp	En liten bok om promp	209	https://www.adlibris.com/no/bok/en-liten-bok-om-promp-9788202794705	2024-11-13 00:23:59
9788202620707	Verdens søteste	181	https://www.ark.no/produkt/boker/barneboker/verdens-soteste-9788202620707	Verdens søteste	181	https://www.norli.no/boker/barneboker/fra-6-ar/verdens-soteste	Verdens søteste	181	https://www.adlibris.com/no/bok/verdens-soteste-9788202620707	2024-11-13 00:33:27
9788203378522	Gepardgåten	227	https://www.ark.no/produkt/boker/barneboker/gepardgaten-9788203378522	Gepardgåten	227	https://www.norli.no/boker/barneboker/fra-6-ar/gepardgaten	Gepardgåten	227	https://www.adlibris.com/no/bok/gepardgaten-9788203378522	2024-11-13 00:11:16
9788202756895	Søt og farlig	172	https://www.ark.no/produkt/boker/barneboker/sot-og-farlig-9788202756895	Søt og farlig	172	https://www.norli.no/boker/barneboker/fra-4-ar/sot-og-farlig	Søt og farlig	172	https://www.adlibris.com/no/bok/sot-og-farlig-9788202756895	2024-11-13 00:11:46
9788202714451	Rare valper	172	https://www.ark.no/produkt/boker/barneboker/rare-valper-9788202714451	Rare valper	172	https://www.norli.no/boker/barneboker/fra-4-ar/rare-valper	Rare valper	172	https://www.adlibris.com/no/bok/rare-valper-9788202714451	2024-11-13 00:18:16
9788205520417	Flukten til verdens ende	209	https://www.ark.no/produkt/boker/barneboker/flukten-til-verdens-ende-9788205520417	Flukten til verdens ende	99	https://www.norli.no/boker/barneboker/fra-8-ar/flukten-til-verdens-ende	Agent Elvin Griff; Flukten til verdens ende	209	https://www.adlibris.com/no/bok/agent-elvin-griff-flukten-til-verdens-ende-9788205520417	2024-11-13 00:22:39
9788202733063	Mørket faller	272	https://www.ark.no/produkt/boker/skjonnlitteratur/morket-faller-9788202733063	Mørket faller	272	https://www.norli.no/boker/barneboker/fra-10-ar/morket-faller-1	Mørket faller	273	https://www.adlibris.com/no/bok/morket-faller-9788202733063	2024-11-13 00:31:16
9780702333705	Diary of a Roblox Pro #7: Cash Splash	119	https://www.ark.no/produkt/boker/barneboker/diary-of-a-roblox-pro-7-cash-splash-9780702333705	Diary of a Roblox Pro #7: Cash Splash	129	https://www.norli.no/boker/barneboker/fra-6-ar/diary-of-a-roblox-pro-7-cash-splash	Diary of a Roblox Pro #7: Cash Splash	105	https://www.adlibris.com/no/bok/diary-of-a-roblox-pro-7-cash-splash-9780702333705	2024-11-13 00:39:12
9788283731514	Barske bøller i verdensrommet	227	https://www.ark.no/produkt/boker/barneboker/barske-boller-i-verdensrommet-9788283731514	Barske bøller i verdensrommet	227	https://www.norli.no/boker/barneboker/fra-8-ar/barske-boller-i-verdensrommet	Barske bøller i verdensrommet	227	https://www.adlibris.com/no/bok/barske-boller-i-verdensrommet-9788283731514	2024-11-13 00:24:50
9788284010786	Dragon ball super - 2 : Seiersuniverset!!	117	https://www.ark.no/produkt/boker/barneboker/dragon-ball-super-9788284010786	Dragon ball super - 2 : Seiersuniverset!!	118	https://www.norli.no/boker/humor-og-tegneserier/tegneserier/manga/seiersuniverset	Dragon ball super	118	https://www.adlibris.com/no/bok/dragon-ball-super-9788284010786	2024-11-13 00:33:17
9788205551022	Flukten til undervannsbyen	209	https://www.ark.no/produkt/boker/barneboker/flukten-til-undervannsbyen-9788205551022	Flukten til undervannsbyen	209	https://www.norli.no/boker/barneboker/fra-8-ar/flukten-til-undervannsbyen	Flukten til undervannsbyen	209	https://www.adlibris.com/no/bok/flukten-til-undervannsbyen-9788205551022	2024-11-13 00:36:40
9788242970947	Håpet	300	https://www.ark.no/produkt/boker/barneboker/hapet-9788242970947	Håpet	300	https://www.norli.no/boker/barneboker/fra-8-ar/hapet-3	Håpet; Arkin - lysets vokter 2	300	https://www.adlibris.com/no/bok/hapet-arkin---lysets-vokter-2-9788242970947	2024-11-13 00:23:39
9781786068866	Old Title	129	https://www.ark.no/produkt/boker/barneboker/old-title-9781786068866	Old Title	129	https://www.norli.no/boker/barneboker/fakta/kane-ultimate-football-heroes-the-no-1-football-series-collect-them-all-1	Kane (Ultimate Football Heroes - the No. 1 football series) Collect them all!	141	https://www.adlibris.com/no/bok/kane-ultimate-football-heroes---the-no-1-football-series-collect-them-all-9781786068866	2024-11-13 00:38:02
9780241389317	-	0	-	The meltdown	149	https://www.norli.no/boker/barneboker/fra-10-ar/the-meltdown-3	Diary of a Wimpy Kid: The Meltdown (book 13)	119	https://www.adlibris.com/no/bok/diary-of-a-wimpy-kid-the-meltdown-book-13-9780241389317	2024-11-13 00:09:16
9788248915386	Nedtegnelser fra en kul TV-stjerne - NOT!	272	https://www.ark.no/produkt/boker/barneboker/nedtegnelser-fra-en-kul-tv-stjerne-not-9788248915386	Nedtegnelser fra en kul TV-stjerne - NOT!	272	https://www.norli.no/boker/barneboker/fra-10-ar/nedtegnelser-fra-en-kul-tv-stjerne-not	Nedtegnelser fra en kul TV-stjerne - NOT!	273	https://www.adlibris.com/no/bok/nedtegnelser-fra-en-kul-tv-stjerne---not-9788248915386	2024-11-13 00:09:37
9788241953156	Hundemannen håver inn	272	https://www.ark.no/produkt/boker/barneboker/hundemannen-haver-inn-9788241953156	Hundemannen håver inn	272	https://www.norli.no/boker/barneboker/fra-8-ar/hundemannen-haver-inn	Hundemannen håver inn	273	https://www.adlibris.com/no/bok/hundemannen-haver-inn-9788241953156	2024-11-13 00:30:05
9788248926474	Nedtegnelser fra et fancy Paris-eventyr - NOT!	272	https://www.ark.no/produkt/boker/barneboker/nedtegnelser-fra-et-fancy-paris-eventyr-not-9788248926474	Nedtegnelser fra et fancy Paris-eventyr - NOT!	272	https://www.norli.no/boker/barneboker/bokserier-for-barn/a-g/dustedagboka/beretningen-om-et-fancy-paris-eventyr-not	Nedtegnelser fra et fancy Paris-eventyr - NOT!	273	https://www.adlibris.com/no/bok/nedtegnelser-fra-et-fancy-paris-eventyr---not-9788248926474	2024-11-13 00:26:02
9788203265358	Supervulkaner og digre dinosaurer - den kjempestore boka om Norges kjempelange historie	249	https://www.ark.no/produkt/boker/barneboker/supervulkaner-og-digre-dinosaurer-9788203265358	Supervulkaner og digre dinosaurer - den kjempestore boka om Norges kjempelange historie	249	https://www.norli.no/boker/barneboker/fra-6-ar/supervulkaner-og-digre-dinosaurer	Supervulkaner og digre dinosaurer	364	https://www.adlibris.com/no/bok/supervulkaner-og-digre-dinosaurer-9788203265358	2024-11-13 00:28:23
9788242976468	Nerissas hevn - Del 1	136	https://www.ark.no/produkt/boker/barneboker/nerissas-hevn-9788242976468	Nerissas hevn - Del 1	136	https://www.norli.no/boker/barneboker/fra-8-ar/w-i-t-c-h	Nerissas hevn	136	https://www.adlibris.com/no/bok/nerissas-hevn-9788242976468	2024-11-13 00:12:56
9788283731835	Gutta i trehuset med 169 etasjer begynner ikke på skolen - for det har de ikke lyst til	169	https://www.ark.no/produkt/boker/barneboker/gutta-i-trehuset-med-169-etasjer-begynner-ikke-pa-skolen-9788283731835	Gutta i trehuset med 169 etasjer begynner ikke på - for det har de ikke lyst til	285	https://www.norli.no/boker/barneboker/fra-10-ar/gutta-i-trehuset-med-169-etasjer	Gutta i trehuset med 169 etasjer begynner ikke på skolen	285	https://www.adlibris.com/no/bok/gutta-i-trehuset-med-169-etasjer-begynner-ikke-pa-skolen-9788283731835	2024-11-13 00:22:00
9788283571295	Etter flommen	154	https://www.ark.no/produkt/boker/barneboker/etter-flommen-9788283571295	Etter flommen	154	https://www.norli.no/boker/barneboker/fra-10-ar/himmelklanen-og-den-fremmede-3-3	Etter flommen	154	https://www.adlibris.com/no/bok/etter-flommen-9788283571295	2024-11-13 00:14:20
9788202788292	Smil til døden	254	https://www.ark.no/produkt/boker/barneboker/smil-til-doden-9788202788292	Smil til døden	254	https://www.norli.no/boker/barneboker/fra-10-ar/smil-til-doden-1	Smil til døden	254	https://www.adlibris.com/no/bok/smil-til-doden-9788202788292	2024-11-13 00:20:08
9788205500518	Verdens verste rektor	163	https://www.ark.no/produkt/boker/barneboker/verdens-verste-rektor-9788205500518	Verdens verste rektor	163	https://www.norli.no/boker/barneboker/fra-8-ar/verdens-verste-rektor-2	Verdens verste rektor	168	https://www.adlibris.com/no/bok/verdens-verste-rektor-9788205500518	2024-11-13 00:33:38
9788202738297	Leona i vintertrøbbel	181	https://www.ark.no/produkt/boker/barneboker/leona-i-vintertrobbel-9788202738297	Leona i vintertrøbbel	181	https://www.norli.no/boker/barneboker/fra-6-ar/leona-i-vintertrobbel	Leona i vintertrøbbel	181	https://www.adlibris.com/no/bok/leona-i-vintertrobbel-9788202738297	2024-11-13 00:10:17
9788242965554	The vikings and the oracle	272	https://www.ark.no/produkt/boker/barneboker/the-vikings-and-the-oracle-9788242965554	The vikings and the oracle	272	https://www.norli.no/boker/barneboker/fra-8-ar/the-vikings-and-the-oracle	The vikings and the oracle	273	https://www.adlibris.com/no/bok/the-vikings-and-the-oracle-9788242965554	2024-11-13 00:10:37
9781789464801	Saka (Ultimate Football Heroes - The No.1 football series) - Collect them all!	129	https://www.ark.no/produkt/boker/barneboker/saka-ultimate-football-heroes-the-no1-football-series-9781789464801	Saka (Ultimate Football Heroes - The No.1 football series) - Collect them all!	129	https://www.norli.no/boker/barneboker/fra-8-ar/saka-ultimate-football-heroes-the-no-1-football-series	Saka (Ultimate Football Heroes - The No.1 football series)	141	https://www.adlibris.com/no/bok/saka-ultimate-football-heroes---the-no1-football-series-9781789464801	2024-11-13 00:37:11
9788202701734	Lørdag med pappa	172	https://www.ark.no/produkt/boker/barneboker/lordag-med-pappa-9788202701734	Lørdag med pappa	172	https://www.norli.no/boker/barneboker/fra-4-ar/lordag-med-pappa	Lørdag med pappa	172	https://www.adlibris.com/no/bok/lordag-med-pappa-9788202701734	2024-11-13 00:24:40
9788202794293	Hjertet - kroppen min	172	https://www.ark.no/produkt/boker/barneboker/hjertet-9788202794293	Hjertet - kroppen min	172	https://www.norli.no/boker/barneboker/fra-4-ar/hjertet-3	Hjertet	172	https://www.adlibris.com/no/bok/hjertet-9788202794293	2024-11-13 00:13:49
9788203396168	Van Dijk ruler	181	https://www.ark.no/produkt/boker/barneboker/van-dijk-ruler-9788203396168	Van Dijk ruler	181	https://www.norli.no/boker/barneboker/fra-8-ar/van-dijk-1	Van Dijk ruler	181	https://www.adlibris.com/no/bok/van-dijk-ruler-9788203396168	2024-11-13 00:35:10
9788202786212	De dødes hus	254	https://www.ark.no/produkt/boker/barneboker/de-dodes-hus-9788202786212	De dødes hus	99	https://www.norli.no/boker/barneboker/fra-10-ar/de-dodes-hus-11	De dødes hus	254	https://www.adlibris.com/no/bok/de-dodes-hus-9788202786212	2024-11-13 00:12:16
9788205577411	Flukten til verdensrommet	209	https://www.ark.no/produkt/boker/barneboker/flukten-til-verdensrommet-9788205577411	Flukten til verdensrommet	129	https://www.norli.no/boker/barneboker/fra-8-ar/flukten-til-verdensrommet	Flukten til verdensrommet	209	https://www.adlibris.com/no/bok/flukten-til-verdensrommet-9788205577411	2024-11-13 00:30:56
9788242970954	Portaltreet - Første del	159	https://www.ark.no/produkt/boker/barneboker/portaltreet-9788242970954	Portaltreet - Første del	159	https://www.norli.no/boker/barneboker/fra-8-ar/portaltreet	Nordlys 5: Portaltreet: del 1	300	https://www.adlibris.com/no/bok/nordlys-5-portaltreet-del-1-9788242970954	2024-11-13 00:18:26
9788202767334	Molly er min	209	https://www.ark.no/produkt/boker/barneboker/molly-er-min-9788202767334	Molly er min	209	https://www.norli.no/boker/barneboker/fra-6-ar/molly-er-min	Molly er min	209	https://www.adlibris.com/no/bok/molly-er-min-9788202767334	2024-11-13 00:25:42
9788202784874	Vitseløve - 12 : Politi og tyv	181	https://www.ark.no/produkt/boker/barneboker/vitselove-9788202784874	Vitseløve - 12 : Politi og tyv	181	https://www.norli.no/boker/barneboker/fakta/quiz-og-hobby/vitselove-22	Vitseløve	181	https://www.adlibris.com/no/bok/vitselove-9788202784874	2024-11-13 00:15:53
9788242975218	Lær å tegne monstre & fantasiskapninger	227	https://www.ark.no/produkt/boker/barneboker/laer-a-tegne-monstre-fantasiskapninger-9788242975218	Lær å tegne monstre & fantasiskapninger	227	https://www.norli.no/boker/barneboker/fra-10-ar/laer-a-tegne-monstre-og-fantasifigurer	Lær å tegne monstre & fantasiskapninger	227	https://www.adlibris.com/no/bok/lar-a-tegne-monstre-fantasiskapninger-9788242975218	2024-11-13 00:25:01
9788283731125	Barske bøller - vanskelig å være snill	245	https://www.ark.no/produkt/boker/barneboker/barske-boller-9788283731125	Barske bøller - vanskelig å være snill	245	https://www.norli.no/boker/barneboker/fra-8-ar/barske-boller-gjor-massevis-av-gode-gjerninger	Barske bøller	253	https://www.adlibris.com/no/bok/barske-boller-9788283731125	2024-11-13 00:19:27
9788241951237	Skolestart i skogen	245	https://www.ark.no/produkt/boker/barneboker/skolestart-i-skogen-9788241951237	Skolestart i skogen	245	https://www.norli.no/boker/barneboker/fra-6-ar/skolestart-i-skogen	Skolestart i skogen	245	https://www.adlibris.com/no/bok/skolestart-i-skogen-9788241951237	2024-11-13 00:25:52
9788202789572	De usynlige	254	https://www.ark.no/produkt/boker/barneboker/de-usynlige-9788202789572	De usynlige	254	https://www.norli.no/boker/barneboker/fra-10-ar/de-usynlige-13	De usynlige	254	https://www.adlibris.com/no/bok/de-usynlige-9788202789572	2024-11-13 00:14:10
9788203395529	Neymar ruler	181	https://www.ark.no/produkt/boker/barneboker/neymar-ruler-9788203395529	Neymar ruler	181	https://www.norli.no/boker/barneboker/fra-8-ar/neymar-4	Neymar ruler	181	https://www.adlibris.com/no/bok/neymar-ruler-9788203395529	2024-11-13 00:12:35
9788242976178	Det store pannekakeløpet	72	https://www.ark.no/produkt/boker/barneboker/det-store-pannekakelopet-9788242976178	Det store pannekakeløpet	72	https://www.norli.no/boker/barneboker/fra-6-ar/pokemon-3	Pokémon; Det store pannekakeløpet	72	https://www.adlibris.com/no/bok/pokemon-det-store-pannekakelopet-9788242976178	2024-11-13 00:34:30
9788234717383	Soltårnet ; De glemte katakombene	227	https://www.ark.no/produkt/boker/barneboker/soltarnet-de-glemte-katakombene-9788234717383	Soltårnet ; De glemte katakombene	227	https://www.norli.no/boker/barneboker/fra-8-ar/soltarnet-og-de-glemte-katakombene	Soltårnet ; De glemte katakombene	227	https://www.adlibris.com/no/bok/soltarnet-de-glemte-katakombene-9788234717383	2024-11-13 00:16:34
9788202692476	Vitseløve - 9 : Skolevitser	209	https://www.ark.no/produkt/boker/barneboker/vitselove-9788202692476	Vitseløve - 9 : Skolevitser	209	https://www.norli.no/boker/barneboker/fakta/quiz-og-hobby/vitselove-6	Vitseløve	209	https://www.adlibris.com/no/bok/vitselove-9788202692476	2024-11-13 00:30:35
9788283731545	Dragens tårer	245	https://www.ark.no/produkt/boker/barneboker/dragens-tarer-9788283731545	Dragens tårer	245	https://www.norli.no/boker/barneboker/fra-6-ar/smafolkets-vokter-2	Dragens tårer	245	https://www.adlibris.com/no/bok/dragens-tarer-9788283731545	2024-11-13 00:09:06
9788202758271	Leona i monstertrøbbel	181	https://www.ark.no/produkt/boker/barneboker/leona-i-monstertrobbel-9788202758271	Leona i monstertrøbbel	181	https://www.norli.no/boker/barneboker/fra-6-ar/leona-i-monstertrobbel	Leona i monstertrøbbel	181	https://www.adlibris.com/no/bok/leona-i-monstertrobbel-9788202758271	2024-11-13 00:20:48
9788202788278	Monsterblod	254	https://www.ark.no/produkt/boker/barneboker/monsterblod-9788202788278	Monsterblod	149	https://www.norli.no/boker/barneboker/fra-10-ar/monsterblod-1	Monsterblod	254	https://www.adlibris.com/no/bok/monsterblod-9788202788278	2024-11-13 00:18:36
9788203451270	Grealish ruler	199	https://www.ark.no/produkt/boker/barneboker/grealish-ruler-9788203451270	Grealish ruler	199	https://www.norli.no/boker/barneboker/fra-8-ar/grealish-ruler	Grealish ruler	199	https://www.adlibris.com/no/bok/grealish-ruler-9788203451270	2024-11-13 00:04:54
9788203396236	Verdens verste dyr	272	https://www.ark.no/produkt/boker/barneboker/verdens-verste-dyr-9788203396236	Verdens verste dyr	272	https://www.norli.no/boker/barneboker/fra-6-ar/verdens-verste-kjaeledyr-1	Verdens verste dyr	273	https://www.adlibris.com/no/bok/verdens-verste-dyr-9788203396236	2024-11-13 00:13:28
9788205551060	Frostrøyk	272	https://www.ark.no/produkt/boker/barneboker/frostroyk-9788205551060	Frostrøyk	272	https://www.norli.no/boker/barneboker/fra-8-ar/frostroyk-3	Krypto del 4: Frostrøyk	273	https://www.adlibris.com/no/bok/krypto-del-4-frostroyk-9788205551060	2024-11-13 00:27:22
9788248922681	Nedtegnelser fra en ny BFF- NOT!	272	https://www.ark.no/produkt/boker/barneboker/nedtegnelser-fra-en-ny-bff-not-9788248922681	Nedtegnelser fra en ny BFF- NOT!	272	https://www.norli.no/boker/barneboker/fra-10-ar/nedtegnelser-fra-en-ny-bff-not-1	Nedtegnelser fra en ny BFF- NOT!	273	https://www.adlibris.com/no/bok/nedtegnelser-fra-en-ny-bff--not-9788248922681	2024-11-13 00:26:42
9788203267468	Verdens verste lærere	272	https://www.ark.no/produkt/boker/barneboker/verdens-verste-laerere-9788203267468	Verdens verste lærere	272	https://www.norli.no/boker/barneboker/fra-10-ar/verdens-verste-laerere	Verdens verste lærere	273	https://www.adlibris.com/no/bok/verdens-verste-larere-9788203267468	2024-11-13 00:24:10
9788242969675	Trollriket	159	https://www.ark.no/produkt/boker/barneboker/trollriket-9788242969675	Trollriket	159	https://www.norli.no/boker/barneboker/fra-8-ar/trollriket	Nordlys 4; Trollriket	300	https://www.adlibris.com/no/bok/nordlys-4-trollriket-9788242969675	2024-11-13 00:29:34
9788269295429	Luple and Woolie - the magic drum : a Scandinavian fairy tale	249	https://www.ark.no/produkt/boker/barneboker/luple-and-woolie-9788269295429	Luple and Woolie - the magic drum : a Scandinavian fairy tale	249	https://www.norli.no/boker/barneboker/fra-4-ar/luple-and-woolie	-	0	-	2024-11-13 00:35:00
9788202658564	Leona i premietrøbbel	181	https://www.ark.no/produkt/boker/barneboker/leona-i-premietrobbel-9788202658564	Leona i premietrøbbel	181	https://www.norli.no/boker/barneboker/fra-6-ar/leona-i-premietrobbel	Leona i premietrøbbel	181	https://www.adlibris.com/no/bok/leona-i-premietrobbel-9788202658564	2024-11-13 00:29:24
9788202800642	Den hemmelighetsfulle verden	179	https://www.ark.no/produkt/boker/barneboker/den-hemmelighetsfulle-verden-9788202800642	Den hemmelighetsfulle verden	272	https://www.norli.no/boker/barneboker/fra-6-ar/den-hemmelighetsfulle-verdenen	Musse & Helium; Den hemmelighetsfulle verden, bok 6	273	https://www.adlibris.com/no/bok/musse-helium-den-hemmelighetsfulle-verden-bok-6-9788202800642	2024-11-13 00:32:07
9788205555112	Ville kattedyr	181	https://www.ark.no/produkt/boker/barneboker/ville-kattedyr-9788205555112	Ville kattedyr	181	https://www.norli.no/boker/barneboker/fra-6-ar/ville-kattedyr	Ville kattedyr	181	https://www.adlibris.com/no/bok/ville-kattedyr-9788205555112	2024-11-13 00:16:54
9788202527938	Tigerdronning	181	https://www.ark.no/produkt/boker/barneboker/tigerdronning-9788202527938	Tigerdronning	181	https://www.norli.no/boker/barneboker/fra-6-ar/tigerdronning	Tigerdronning	181	https://www.adlibris.com/no/bok/tigerdronning-9788202527938	2024-11-13 00:15:01
9788205541498	Ekstreme edderkopper	181	https://www.ark.no/produkt/boker/barneboker/ekstreme-edderkopper-9788205541498	Ekstreme edderkopper	181	https://www.norli.no/boker/barneboker/fra-6-ar/ekstreme-edderkopper	Ekstreme edderkopper	181	https://www.adlibris.com/no/bok/ekstreme-edderkopper-9788205541498	2024-11-13 00:08:26
9788203365775	Verdens verste foreldre	272	https://www.ark.no/produkt/boker/barneboker/verdens-verste-foreldre-9788203365775	Verdens verste foreldre	272	https://www.norli.no/boker/barneboker/fra-10-ar/verdens-verste-foreldre	Verdens verste foreldre	273	https://www.adlibris.com/no/bok/verdens-verste-foreldre-9788203365775	2024-11-13 00:32:27
9781789464948	-	0	-	Bellingham (Ultimate Football Heroes - The No.1 football series) - Collect them all!	129	https://www.norli.no/boker/barneboker/fakta/bellingham-ultimate-football-heroes-the-no-1-football-series	Bellingham (Ultimate Football Heroes - The No.1 football series)	141	https://www.adlibris.com/no/bok/bellingham-ultimate-football-heroes---the-no1-football-series-9781789464948	2024-11-13 00:37:42
9788203396984	Mona og mistanken	254	https://www.ark.no/produkt/boker/barneboker/mona-og-mistanken-9788203396984	Mona og mistanken	99	https://www.norli.no/boker/barneboker/fra-6-ar/mona-og-mistanken	Mona og mistanken	254	https://www.adlibris.com/no/bok/mona-og-mistanken-9788203396984	2024-11-13 00:19:06
9788283570915	Med hjerte for klanen	154	https://www.ark.no/produkt/boker/barneboker/med-hjerte-for-klanen-9788283570915	Med hjerte for klanen	154	https://www.norli.no/boker/barneboker/fra-10-ar/med-hjerte-for-klanen	Med hjerte for klanen	154	https://www.adlibris.com/no/bok/med-hjerte-for-klanen-9788283570915	2024-11-13 00:35:41
9788242976475	Nerissas hevn - Del 2	136	https://www.ark.no/produkt/boker/barneboker/nerissas-hevn-9788242976475	Nerissas hevn - Del 2	136	https://www.norli.no/boker/barneboker/fra-8-ar/w-i-t-c-h-1	Nerissas hevn	136	https://www.adlibris.com/no/bok/nerissas-hevn-9788242976475	2024-11-13 00:26:32
9788203399817	Mané ruler	181	https://www.ark.no/produkt/boker/barneboker/mane-ruler-9788203399817	Mané ruler	181	https://www.norli.no/boker/barneboker/fra-8-ar/mane	Mané ruler	181	https://www.adlibris.com/no/bok/mane-ruler-9788203399817	2024-11-13 00:34:09
9788202722951	I duejegernes grep	272	https://www.ark.no/produkt/boker/barneboker/i-duejegernes-grep-9788202722951	I duejegernes grep	254	https://www.norli.no/boker/barneboker/fra-6-ar/i-duejegernes-grep	Musse & Helium; I duejegernes grep, bok 4	273	https://www.adlibris.com/no/bok/musse-helium-i-duejegernes-grep-bok-4-9788202722951	2024-11-13 00:23:10
9788284310183	Hevneren fra Helheim	272	https://www.ark.no/produkt/boker/barneboker/hevneren-fra-helheim-9788284310183	Hevneren fra Helheim	272	https://www.norli.no/boker/barneboker/fra-10-ar/hevneren-fra-helheim	Trollheim; Hevneren fra Helheim, bok 2	273	https://www.adlibris.com/no/bok/trollheim-hevneren-fra-helheim-bok-2-9788284310183	2024-11-13 00:28:13
9788203365874	Den falske enhjørningen	227	https://www.ark.no/produkt/boker/barneboker/den-falske-enhjorningen-9788203365874	Den falske enhjørningen	227	https://www.norli.no/boker/barneboker/fra-6-ar/den-falske-enhjorningen	Dyrehagetektivene 7: Den falske enhjørningen	227	https://www.adlibris.com/no/bok/dyrehagetektivene-7-den-falske-enhjorningen-9788203365874	2024-11-13 00:08:15
9788242975584	Yggdrasil	169	https://www.ark.no/produkt/boker/barneboker/yggdrasil-9788242975584	Yggdrasil	169	https://www.norli.no/boker/barneboker/fra-10-ar/yggdrasil	Yggdrasil; Ragnarok (del 4)	300	https://www.adlibris.com/no/bok/yggdrasil-ragnarok-del-4-9788242975584	2024-11-13 00:20:38
9788205539518	Sarahs drøm	227	https://www.ark.no/produkt/boker/barneboker/sarahs-drom-9788205539518	Sarahs drøm	227	https://www.norli.no/boker/barneboker/fra-10-ar/sostrene-gyldenblom	Søstrene Gyldenblom; Sarahs drøm	227	https://www.adlibris.com/no/bok/sostrene-gyldenblom-sarahs-drom-9788205539518	2024-11-13 00:21:19
9788242959911	Vikingene og orakelet	159	https://www.ark.no/produkt/boker/barneboker/vikingene-og-orakelet-9788242959911	Vikingene og orakelet	159	https://www.norli.no/boker/barneboker/fra-8-ar/vikingene-og-orakelet	Nordlys 2; Vikingene og orakelet	300	https://www.adlibris.com/no/bok/nordlys-2-vikingene-og-orakelet-9788242959911	2024-11-13 00:21:50
9788242970916	Tordenguden	300	https://www.ark.no/produkt/boker/barneboker/tordenguden-9788242970916	Tordenguden	300	https://www.norli.no/boker/barneboker/fra-10-ar/tordenguden	Ragnarok - Tordenguden (del 3)	300	https://www.adlibris.com/no/bok/ragnarok---tordenguden-del-3-9788242970916	2024-11-13 00:25:32
9788205588844	Den rampete kattungen	181	https://www.ark.no/produkt/boker/barneboker/den-rampete-kattungen-9788205588844	Den rampete kattungen	181	https://www.norli.no/boker/barneboker/fra-6-ar/den-rampete-kattungen	Den rampete kattungen	181	https://www.adlibris.com/no/bok/den-rampete-kattungen-9788205588844	2024-11-13 00:17:04
9788205532212	Flukten til bakgatene	209	https://www.ark.no/produkt/boker/barneboker/flukten-til-bakgatene-9788205532212	Flukten til bakgatene	129	https://www.norli.no/boker/barneboker/fra-8-ar/flukten-til-bakgatene	Flukten til bakgatene	209	https://www.adlibris.com/no/bok/flukten-til-bakgatene-9788205532212	2024-11-13 00:17:14
9788205588783	Valp på ville veier	181	https://www.ark.no/produkt/boker/barneboker/valp-pa-ville-veier-9788205588783	Valp på ville veier	181	https://www.norli.no/boker/barneboker/fra-6-ar/valp-pa-ville-veier	Valp på ville veier	181	https://www.adlibris.com/no/bok/valp-pa-ville-veier-9788205588783	2024-11-13 00:21:39
9788202794552	Verdens rareste	181	https://www.ark.no/produkt/boker/barneboker/verdens-rareste-9788202794552	Verdens rareste	181	https://www.norli.no/boker/barneboker/fra-6-ar/verdens-rareste	Verdens rareste	181	https://www.adlibris.com/no/bok/verdens-rareste-9788202794552	2024-11-13 00:31:46
9781789465716	England's Heroes - (Ultimate Football Heroes - the No. 1 football series): Collect them all!	139	https://www.ark.no/produkt/boker/barneboker/englands-heroes-9781789465716	England's Heroes - (Ultimate Football Heroes - the No. 1 football series): Collect them all!	149	https://www.norli.no/boker/barneboker/fra-8-ar/england-s-heroes-1	England's Heroes	158	https://www.adlibris.com/no/bok/englands-heroes-9781789465716	2024-11-13 00:38:12
9781789461206	Van Dijk (Ultimate Football Heroes) - Collect Them All! - Collect them all!	129	https://www.ark.no/produkt/boker/barneboker/van-dijk-ultimate-football-heroes-collect-them-all-9781789461206	Van Dijk (Ultimate Football Heroes) - Collect Them All! - Collect them all!	129	https://www.norli.no/boker/barneboker/fakta/van-dijk-ultimate-football-heroes-collect-them-all	Van Dijk (Ultimate Football Heroes) - Collect Them All!	141	https://www.adlibris.com/no/bok/van-dijk-ultimate-football-heroes---collect-them-all-9781789461206	2024-11-13 00:37:21
9780702329340	Diary of a Roblox Pro #3: Obby Challenge	119	https://www.ark.no/produkt/boker/barneboker/diary-of-a-roblox-pro-3-obby-challenge-9780702329340	Diary of a Roblox Pro #3: Obby Challenge	129	https://www.norli.no/boker/barneboker/fakta/diary-of-a-roblox-pro-3-obby-challenge	Diary of a Roblox Pro #3: Obby Challenge	105	https://www.adlibris.com/no/bok/diary-of-a-roblox-pro-3-obby-challenge-9780702329340	2024-11-13 00:39:33
9781338315172	Ash's Quest: The Essential Handbook (Pokemon)	179	https://www.ark.no/produkt/boker/barneboker/ashs-quest-the-essential-handbook-pokemon-9781338315172	Ash's Quest: The Essential Handbook (Pokemon)	199	https://www.norli.no/tegning-og-maling/tegneboker-og-blokker/aktivitetsboker/ash-s-quest-the-essential-handbook-pokemon	Ash's Quest: The Essential Handbook (Pokemon)	176	https://www.adlibris.com/no/bok/ashs-quest-the-essential-handbook-pokemon-9781338315172	2024-11-13 00:38:22
9788205544208	Flukten til høyfjellet	209	https://www.ark.no/produkt/boker/barneboker/flukten-til-hoyfjellet-9788205544208	Flukten til høyfjellet	209	https://www.norli.no/boker/barneboker/fra-8-ar/flukten-til-hoyfjellet	Flukten til høyfjellet	209	https://www.adlibris.com/no/bok/flukten-til-hoyfjellet-9788205544208	2024-11-13 00:33:07
9788242970923	The realm of trolls	272	https://www.ark.no/produkt/boker/barneboker/the-realm-of-trolls-9788242970923	The realm of trolls	272	https://www.norli.no/boker/barneboker/fra-8-ar/the-realm-of-the-trolls	The realm of trolls	273	https://www.adlibris.com/no/bok/the-realm-of-trolls-9788242970923	2024-11-13 00:11:26
9788203399657	Valpeveddeløpet	149	https://www.ark.no/produkt/boker/barneboker/valpeveddelopet-9788203399657	Valpeveddeløpet	272	https://www.norli.no/boker/barneboker/fra-6-ar/valpeveddelopet	Valpeveddeløpet	273	https://www.adlibris.com/no/bok/valpeveddelopet-9788203399657	2024-11-13 00:17:45
9788203366079	Haien kommer!	227	https://www.ark.no/produkt/boker/barneboker/haien-kommer-9788203366079	Haien kommer!	227	https://www.norli.no/boker/barneboker/fra-6-ar/haien-kommer	Dyrehagedetektivene; Haien kommer!	227	https://www.adlibris.com/no/bok/dyrehagedetektivene-haien-kommer-9788203366079	2024-11-13 00:13:06
9788202784713	Pappa støvsuger byen	172	https://www.ark.no/produkt/boker/barneboker/pappa-stovsuger-byen-9788202784713	Pappa støvsuger byen	172	https://www.norli.no/boker/barneboker/fra-4-ar/pappa-stovsuger-byen	Pappa støvsuger byen	172	https://www.adlibris.com/no/bok/pappa-stovsuger-byen-9788202784713	2024-11-13 00:25:22
9788283731538	En hemmelig verden	245	https://www.ark.no/produkt/boker/barneboker/en-hemmelig-verden-9788283731538	En hemmelig verden	245	https://www.norli.no/boker/barneboker/fra-6-ar/en-hemmelig-verden	En hemmelig verden	245	https://www.adlibris.com/no/bok/en-hemmelig-verden-9788283731538	2024-11-13 00:25:12
9788293346937	Barske bøller møter en supersøt (og ekstremt farlig) pelsball	227	https://www.ark.no/produkt/boker/barneboker/barske-boller-moter-en-supersot-og-ekstremt-farlig-pelsball-9788293346937	Barske bøller møter en supersøt (og ekstremt farlig) pelsball	227	https://www.norli.no/boker/barneboker/fra-8-ar/barske-boller-moter-en-supersot-og-ekstremt-farlig-pelsball	Barske bøller møter en supersøt (og ekstremt farlig) pelsball	227	https://www.adlibris.com/no/bok/barske-boller-moter-en-supersot-og-ekstremt-farlig-pelsball-9788293346937	2024-11-13 00:23:30
9781789464757	Haaland (Ultimate Football Heroes - The No.1 football series) - Collect them all!	129	https://www.ark.no/produkt/boker/barneboker/haaland-ultimate-football-heroes-the-no1-football-series-9781789464757	Haaland (Ultimate Football Heroes - The No.1 football series) - Collect them all!	129	https://www.norli.no/boker/barneboker/fakta/haaland-ultimate-football-heroes-the-no-1-football-series	Haaland (Ultimate Football Heroes - The No.1 football series)	141	https://www.adlibris.com/no/bok/haaland-ultimate-football-heroes---the-no1-football-series-9781789464757	2024-11-13 00:37:31
9788202695002	Leona i bursdagstrøbbel	181	https://www.ark.no/produkt/boker/barneboker/leona-i-bursdagstrobbel-9788202695002	Leona i bursdagstrøbbel	181	https://www.norli.no/boker/barneboker/fra-6-ar/leona-i-bursdagstrobbel	Leona i bursdagstrøbbel	181	https://www.adlibris.com/no/bok/leona-i-bursdagstrobbel-9788202695002	2024-11-13 00:27:33
9788202733551	Legenden våkner	272	https://www.ark.no/produkt/boker/skjonnlitteratur/legenden-vakner-9788202733551	Legenden våkner	149	https://www.norli.no/boker/barneboker/fra-10-ar/legenden-vakner	Star Stable, Skjebnerytterne 2; Legenden våkner	273	https://www.adlibris.com/no/bok/star-stable-skjebnerytterne-2-legenden-vakner-9788202733551	2024-11-13 00:24:30
9788248912620	Nedtegnelser fra en talentfull popstjerne - NOT!	272	https://www.ark.no/produkt/boker/barneboker/nedtegnelser-fra-en-talentfull-popstjerne-not-9788248912620	Nedtegnelser fra en talentfull popstjerne - NOT!	272	https://www.norli.no/boker/barneboker/fra-10-ar/nedtegnelser-fra-en-talentfull-popstjerne-not-1	Nedtegnelser fra en talentfull popstjerne - NOT!	273	https://www.adlibris.com/no/bok/nedtegnelser-fra-en-talentfull-popstjerne---not-9788248912620	2024-11-13 00:29:14
9788203399800	Lewandowski ruler	181	https://www.ark.no/produkt/boker/barneboker/lewandowski-ruler-9788203399800	Lewandowski ruler	181	https://www.norli.no/boker/barneboker/fra-8-ar/lewandowski-1	Lewandowski ruler	181	https://www.adlibris.com/no/bok/lewandowski-ruler-9788203399800	2024-11-13 00:17:24
9788283571288	Et nytt medlem	154	https://www.ark.no/produkt/boker/barneboker/et-nytt-medlem-9788283571288	Et nytt medlem	154	https://www.norli.no/boker/barneboker/fra-10-ar/himmelklanen-og-den-fremmede-3-2	Et nytt medlem	154	https://www.adlibris.com/no/bok/et-nytt-medlem-9788283571288	2024-11-13 00:16:03
9788203394850	Mona og dansedrømmen	136	https://www.ark.no/produkt/boker/barneboker/mona-og-dansedrommen-9788203394850	Mona og dansedrømmen	136	https://www.norli.no/boker/barneboker/fra-6-ar/mona-og-shake-it-dansecrew	Mona og dansedrømmen	136	https://www.adlibris.com/no/bok/mona-og-dansedrommen-9788203394850	2024-11-13 00:28:33
9780702329333	Diary of a Roblox Pro #2: Dragon Pet	129	https://www.ark.no/produkt/boker/barneboker/diary-of-a-roblox-pro-2-dragon-pet-9780702329333	Diary of a Roblox Pro #2: Dragon Pet	129	https://www.norli.no/boker/barneboker/fakta/diary-of-a-roblox-pro-2-dragon-pet	Diary of a Roblox Pro #2: Dragon Pet	119	https://www.adlibris.com/no/bok/diary-of-a-roblox-pro-2-dragon-pet-9780702329333	2024-11-13 00:39:02
9788203399787	Zlatan ruler	129	https://www.ark.no/produkt/boker/barneboker/zlatan-ruler-9788203399787	Zlatan ruler	181	https://www.norli.no/boker/barneboker/fra-8-ar/zlatan-1	Zlatan ruler	181	https://www.adlibris.com/no/bok/zlatan-ruler-9788203399787	2024-11-13 00:13:17
9788283571455	Sashas hemmelighet	154	https://www.ark.no/produkt/boker/barneboker/sashas-hemmelighet-9788283571455	Sashas hemmelighet	154	https://www.norli.no/boker/barneboker/fra-10-ar/kattekrigerne3	Sashas hemmelighet	154	https://www.adlibris.com/no/bok/sashas-hemmelighet-9788283571455	2024-11-13 00:31:36
9788205532236	Orkanen	272	https://www.ark.no/produkt/boker/barneboker/orkanen-9788205532236	Orkanen	272	https://www.norli.no/boker/barneboker/fra-8-ar/orkanen	Krypto del 2: Orkanen	273	https://www.adlibris.com/no/bok/krypto-del-2-orkanen-9788205532236	2024-11-13 00:12:06
9788205541474	Spektakulære skip	181	https://www.ark.no/produkt/boker/barneboker/spektakulaere-skip-9788205541474	Spektakulære skip	181	https://www.norli.no/boker/barneboker/fra-6-ar/spektakulaere-skip	Spektakulære skip	181	https://www.adlibris.com/no/bok/spektakulare-skip-9788205541474	2024-11-13 00:13:59
9780702329357	-	0	-	Lava Chase	129	https://www.norli.no/boker/barneboker/fra-8-ar/lava-chase	Lava Chase	105	https://www.adlibris.com/no/bok/lava-chase-9780702329357	2024-11-13 00:38:52
9780702328732	-	0	-	Diary of a Roblox Pro #1: Monster Escape	129	https://www.norli.no/boker/barneboker/fakta/diary-of-a-roblox-pro-1-monster-escape	Diary of a Roblox Pro #1: Monster Escape	105	https://www.adlibris.com/no/bok/diary-of-a-roblox-pro-1-monster-escape-9780702328732	2024-11-13 00:39:22
9788234717376	Mestertyven ; Rottene	227	https://www.ark.no/produkt/boker/barneboker/mestertyven-rottene-9788234717376	Mestertyven ; Rottene	227	https://www.norli.no/boker/barneboker/fra-8-ar/mestertyven-og-rottene-1	Mestertyven ; Rottene	227	https://www.adlibris.com/no/bok/mestertyven-rottene-9788234717376	2024-11-13 00:15:22
9781786064059	Ronaldo (Ultimate Football Heroes - the No. 1 football series) - Collect them all!	129	https://www.ark.no/produkt/boker/barneboker/ronaldo-ultimate-football-heroes-the-no-1-football-series-9781786064059	Ronaldo (Ultimate Football Heroes - the No. 1 football series) - Collect them all!	129	https://www.norli.no/boker/barneboker/fakta/ronaldo-ultimate-football-heroes-the-no-1-football-series	Ronaldo (Ultimate Football Heroes - the No. 1 football series)	141	https://www.adlibris.com/no/bok/ronaldo-ultimate-football-heroes---the-no-1-football-series-9781786064059	2024-11-13 00:36:50
9788203395512	Messi ruler	181	https://www.ark.no/produkt/boker/barneboker/messi-ruler-9788203395512	Messi ruler	181	https://www.norli.no/boker/barneboker/fra-8-ar/messi-8	Messi ruler	181	https://www.adlibris.com/no/bok/messi-ruler-9788203395512	2024-11-13 00:14:51
9788205523852	Flukten til det øde huset	209	https://www.ark.no/produkt/boker/barneboker/flukten-til-det-ode-huset-9788205523852	Flukten til det øde huset	209	https://www.norli.no/boker/barneboker/fra-8-ar/flukten-til-det-ode-huset	Flukten til det øde huset	209	https://www.adlibris.com/no/bok/flukten-til-det-ode-huset-9788205523852	2024-11-13 00:18:56
9788242966674	The crow sisters	272	https://www.ark.no/produkt/boker/barneboker/the-crow-sisters-9788242966674	The crow sisters	272	https://www.norli.no/boker/barneboker/fra-8-ar/the-crow-sisters	The crow sisters	273	https://www.adlibris.com/no/bok/the-crow-sisters-9788242966674	2024-11-13 00:14:41
9788202600273	På tokt med Pikachu	254	https://www.ark.no/produkt/boker/barneboker/pa-tokt-med-pikachu-9788202600273	På tokt med Pikachu	254	https://www.norli.no/boker/barneboker/fra-6-ar/pa-tokt-med-pikachu	På tokt med Pikachu	254	https://www.adlibris.com/no/bok/pa-tokt-med-pikachu-9788202600273	2024-11-13 00:23:00
9788283731002	Barske bøller blir angrepet av kattunger	227	https://www.ark.no/produkt/boker/barneboker/barske-boller-blir-angrepet-av-kattunger-9788283731002	Barske bøller blir angrepet av kattunger	227	https://www.norli.no/boker/barneboker/fra-8-ar/barske-boller-blir-angrepet-av-zombie-kattunger	Barske bøller blir angrepet av kattunger	227	https://www.adlibris.com/no/bok/barske-boller-blir-angrepet-av-kattunger-9788283731002	2024-11-13 00:19:37
9788242975621	The portal tree - Part 1	272	https://www.ark.no/produkt/boker/barneboker/the-portal-tree-9788242975621	The portal tree - Part 1	272	https://www.norli.no/boker/barneboker/fra-8-ar/the-portal-tree	The portal tree	273	https://www.adlibris.com/no/bok/the-portal-tree-9788242975621	2024-11-13 00:28:03
9788202738587	Vitseløve - 10 : Sport	209	https://www.ark.no/produkt/boker/barneboker/vitselove-9788202738587	Vitseløve - 10 : Sport	129	https://www.norli.no/boker/barneboker/fakta/quiz-og-hobby/sport-vitselove	Vitseløve	209	https://www.adlibris.com/no/bok/vitselove-9788202738587	2024-11-13 00:08:05
9788283571271	Fanget	154	https://www.ark.no/produkt/boker/barneboker/fanget-9788283571271	Fanget	154	https://www.norli.no/boker/barneboker/fra-10-ar/himmelklanen-og-den-fremmede-3-1	Fanget	154	https://www.adlibris.com/no/bok/fanget-9788283571271	2024-11-13 00:35:51
9788242970961	Portaltreet - Andre del	159	https://www.ark.no/produkt/boker/barneboker/portaltreet-9788242970961	Portaltreet - Andre del	159	https://www.norli.no/boker/barneboker/fra-8-ar/portaltreet-1	Nordlys 6. Portaltreet; andre del	300	https://www.adlibris.com/no/bok/nordlys-6-portaltreet-andre-del-9788242970961	2024-11-13 00:32:17
9788242978233	Såret	300	https://www.ark.no/produkt/boker/barneboker/saret-9788242978233	Såret	300	https://www.norli.no/boker/barneboker/fra-10-ar/dragens-oye-4-saret-saret	Såret: Dragens øye del 4	300	https://www.adlibris.com/no/bok/saret-dragens-oye-del-4-9788242978233	2024-11-13 00:17:55
9788248917151	Nedtegnelser fra en dustete dramaqueen - NOT!	272	https://www.ark.no/produkt/boker/barneboker/nedtegnelser-fra-en-dustete-dramaqueen-not-9788248917151	Nedtegnelser fra en dustete dramaqueen - NOT!	272	https://www.norli.no/boker/barneboker/fra-10-ar/nedtegnelser-fra-en-dustete-dramaqueen-not	Nedtegnelser fra en dustete dramaqueen - NOT!	273	https://www.adlibris.com/no/bok/nedtegnelser-fra-en-dustete-dramaqueen---not-9788248917151	2024-11-13 00:27:12
9788202758264	Vitseløve - 11 : Dyrevitser	181	https://www.ark.no/produkt/boker/barneboker/vitselove-9788202758264	Vitseløve - 11 : Dyrevitser	181	https://www.norli.no/boker/barneboker/fakta/quiz-og-hobby/vitselove-18	Vitseløve	181	https://www.adlibris.com/no/bok/vitselove-9788202758264	2024-11-13 00:27:43
9788241960697	Hundemannen drar på Lopphavet	119	https://www.ark.no/produkt/boker/barneboker/hundemannen-drar-pa-lopphavet-9788241960697	Hundemannen drar på Lopphavet	272	https://www.norli.no/boker/barneboker/fra-8-ar/hundemannen-drar-pa-lopphavet	Hundemannen drar på Lopphavet	273	https://www.adlibris.com/no/bok/hundemannen-drar-pa-lopphavet-9788241960697	2024-11-13 00:26:22
9788283730951	Terrys bok om absolutt alt (nesten, da)	272	https://www.ark.no/produkt/boker/barneboker/terrys-bok-om-absolutt-alt-nesten-da-9788283730951	Terrys bok om absolutt alt (nesten, da)	149	https://www.norli.no/boker/barneboker/fra-8-ar/terrys-bok-om-absolutt-alt-nesten-da	Terrys bok om absolutt alt (nesten, da)	273	https://www.adlibris.com/no/bok/terrys-bok-om-absolutt-alt-nesten-da-9788283730951	2024-11-13 00:21:09
9788242976482	Nerissas hevn - Del 3	136	https://www.ark.no/produkt/boker/barneboker/nerissas-hevn-9788242976482	Nerissas hevn - Del 3	136	https://www.norli.no/boker/barneboker/fra-8-ar/nerissas-hevn	Nerissas hevn	136	https://www.adlibris.com/no/bok/nerissas-hevn-9788242976482	2024-11-13 00:09:26
9788248917922	Nedtegnelser fra en perfekt hundepasser - NOT!	272	https://www.ark.no/produkt/boker/barneboker/nedtegnelser-fra-en-perfekt-hundepasser-not-9788248917922	Nedtegnelser fra en perfekt hundepasser - NOT!	272	https://www.norli.no/boker/barneboker/fra-10-ar/nedtegnelser-fra-en-perfekt-hundepasser-not-1	Dustedagboka 10: Nedtegnelser fra en perfekt hundepasser - NOT!	273	https://www.adlibris.com/no/bok/dustedagboka-10-nedtegnelser-fra-en-perfekt-hundepasser---not-9788248917922	2024-11-13 00:32:47
9788205531178	Flukten til sirkuset	209	https://www.ark.no/produkt/boker/barneboker/flukten-til-sirkuset-9788205531178	Flukten til sirkuset	209	https://www.norli.no/boker/barneboker/fra-8-ar/flukten-til-sirkuset	Flukten til sirkuset	209	https://www.adlibris.com/no/bok/flukten-til-sirkuset-9788205531178	2024-11-13 00:19:58
9788202766429	Mørkets sang	272	https://www.ark.no/produkt/boker/skjonnlitteratur/morkets-sang-9788202766429	Mørkets sang	254	https://www.norli.no/boker/barneboker/fra-10-ar/morkets-sang	Mørkets sang	273	https://www.adlibris.com/no/bok/morkets-sang-9788202766429	2024-11-13 00:15:12
9788202786236	Ligg unna kjelleren!	254	https://www.ark.no/produkt/boker/barneboker/ligg-unna-kjelleren-9788202786236	Ligg unna kjelleren!	149	https://www.norli.no/boker/barneboker/fra-10-ar/ligg-unna-kjelleren-1	Ligg unna kjelleren!	254	https://www.adlibris.com/no/bok/ligg-unna-kjelleren-9788202786236	2024-11-13 00:27:01
9788283731675	Gutta i trehusets ekstremt hemmelige historier	272	https://www.ark.no/produkt/boker/barneboker/gutta-i-trehusets-ekstremt-hemmelige-historier-9788283731675	Gutta i trehusets ekstremt hemmelige historier	272	https://www.norli.no/boker/barneboker/fra-10-ar/gutta-i-trehusets-ekstremt-hemmelige-historier	Gutta i trehusets ekstremt hemmelige historier	273	https://www.adlibris.com/no/bok/gutta-i-trehusets-ekstremt-hemmelige-historier-9788283731675	2024-11-13 00:10:07
9788205531529	-	0	-	Hester og føll	181	https://www.norli.no/boker/barneboker/fra-6-ar/hester-og-foll	-	0	-	2024-11-13 00:15:42
9788241918377	Loppenes herre	272	https://www.ark.no/produkt/boker/barneboker/loppenes-herre-9788241918377	Loppenes herre	272	https://www.norli.no/boker/barneboker/fra-8-ar/loppenes-herre	Hundemannen; Loppenes herre	273	https://www.adlibris.com/no/bok/hundemannen-loppenes-herre-9788241918377	2024-11-13 00:31:06
9788205531536	Smygende slanger	181	https://www.ark.no/produkt/boker/barneboker/smygende-slanger-9788205531536	Smygende slanger	181	https://www.norli.no/boker/barneboker/fra-6-ar/smygende-slanger	Smygende slanger	181	https://www.adlibris.com/no/bok/smygende-slanger-9788205531536	2024-11-13 00:22:20
9788202672515	Hvem i havet?	172	https://www.ark.no/produkt/boker/barneboker/hvem-i-havet-9788202672515	Hvem i havet?	172	https://www.norli.no/boker/barneboker/fra-4-ar/hvem-i-havet	Hvem i havet?	172	https://www.adlibris.com/no/bok/hvem-i-havet-9788202672515	2024-11-13 00:09:48
9788284010809	Dragon ball super - 4 : En siste sjanse for håpet	117	https://www.ark.no/produkt/boker/barneboker/dragon-ball-super-9788284010809	Dragon ball super - 4 : En siste sjanse for håpet	118	https://www.norli.no/boker/humor-og-tegneserier/tegneserier/manga/dragon-ball-super-2	Dragon ball super	118	https://www.adlibris.com/no/bok/dragon-ball-super-9788284010809	2024-11-13 00:34:39
9788202791803	Jenta som ropte monster	254	https://www.ark.no/produkt/boker/barneboker/jenta-som-ropte-monster-9788202791803	Jenta som ropte monster	254	https://www.norli.no/boker/barneboker/fra-10-ar/jenta-som-ropte-monster-1	Jenta som ropte monster	254	https://www.adlibris.com/no/bok/jenta-som-ropte-monster-9788202791803	2024-11-13 00:08:46
9788205562240	Flukten til fengselet	209	https://www.ark.no/produkt/boker/barneboker/flukten-til-fengselet-9788205562240	Flukten til fengselet	209	https://www.norli.no/boker/barneboker/fra-8-ar/flukten-til-fengselet	Flukten til fengselet	209	https://www.adlibris.com/no/bok/flukten-til-fengselet-9788205562240	2024-11-13 00:20:28
9788202794316	Leona i sirkustrøbbel	181	https://www.ark.no/produkt/boker/barneboker/leona-i-sirkustrobbel-9788202794316	Leona i sirkustrøbbel	181	https://www.norli.no/boker/barneboker/fra-6-ar/leona-i-sirkustrobbel	Leona i sirkustrøbbel	181	https://www.adlibris.com/no/bok/leona-i-sirkustrobbel-9788202794316	2024-11-13 00:20:18
9788242965547	Kråkesøstrene	159	https://www.ark.no/produkt/boker/barneboker/krakesostrene-9788242965547	Kråkesøstrene	159	https://www.norli.no/boker/barneboker/fra-8-ar/krakesostrene	Nordlys 3; Kråkesøstrene	300	https://www.adlibris.com/no/bok/nordlys-3-krakesostrene-9788242965547	2024-11-13 00:30:15
9788242978240	The portal tree - Part 2	272	https://www.ark.no/produkt/boker/barneboker/the-portal-tree-9788242978240	The portal tree - Part 2	272	https://www.norli.no/boker/barneboker/fra-8-ar/the-portal-tree-1	The portal tree	273	https://www.adlibris.com/no/bok/the-portal-tree-9788242978240	2024-11-13 00:35:30
9788202635053	Zombiene kommer! - slik overlever du	209	https://www.ark.no/produkt/boker/barneboker/zombiene-kommer-9788202635053	Zombiene kommer! - slik overlever du	209	https://www.norli.no/boker/barneboker/fra-8-ar/zombiene-kommer	Zombiene kommer!	209	https://www.adlibris.com/no/bok/zombiene-kommer-9788202635053	2024-11-13 00:19:17
9788205521544	Verdens verste leirskole	272	https://www.ark.no/produkt/boker/barneboker/verdens-verste-leirskole-9788205521544	Verdens verste leirskole	272	https://www.norli.no/boker/barneboker/fra-8-ar/verdens-verste-leirskole	Verdens verste leirskole	273	https://www.adlibris.com/no/bok/verdens-verste-leirskole-9788205521544	2024-11-13 00:34:19
9788283731699	Redd enhjørningen	245	https://www.ark.no/produkt/boker/barneboker/redd-enhjorningen-9788283731699	Redd enhjørningen	245	https://www.norli.no/boker/barneboker/fra-6-ar/redd-enhjorningen	Redd enhjørningen	245	https://www.adlibris.com/no/bok/redd-enhjorningen-9788283731699	2024-11-13 00:23:50
9788242975140	Fanget	300	https://www.ark.no/produkt/boker/barneboker/fanget-9788242975140	Fanget	300	https://www.norli.no/boker/barneboker/fra-10-ar/fanget-21	Fanget	300	https://www.adlibris.com/no/bok/fanget-9788242975140	2024-11-13 00:24:20
9788283571462	Nye fiender	154	https://www.ark.no/produkt/boker/barneboker/nye-fiender-9788283571462	Nye fiender	154	https://www.norli.no/boker/barneboker/fra-10-ar/kattekrigerne-1	Nye fiender	154	https://www.adlibris.com/no/bok/nye-fiender-9788283571462	2024-11-13 00:34:49
9788269291421	Julemonsteret	254	https://www.ark.no/produkt/boker/barneboker/julemonsteret-9788269291421	Julemonsteret	254	https://www.norli.no/boker/barneboker/fra-8-ar/julemonsteret	-	0	-	2024-11-13 00:08:35
9788283570892	En klan i knipe	154	https://www.ark.no/produkt/boker/barneboker/en-klan-i-knipe-9788283570892	En klan i knipe	154	https://www.norli.no/boker/barneboker/fra-10-ar/en-klan-i-knipe	En klan i knipe	154	https://www.adlibris.com/no/bok/en-klan-i-knipe-9788283570892	2024-11-13 00:10:27
